actualizarlosdatos.com.json,0.9821140612548964
arnazon.co.ip.fjdfaq.shop.json,0.994786838095427
attmailsgdh.weebly.com.json,0.9990572184371465
attpro-emailverificationdomainloginpagjpjklzkj.weebly.com.json,0.9997512065342746
atweuierwiubew.godaddysites.com.json,0.9986849114901024
chasebusinnesssumbmitdata.weebly.com.json,0.9997512065342746
evil.onthewifi.com.json,0.9992187494984062
fir0001digitalcr.000webhostapp.com.json,0.9978692116018427
fttpupromecc.ultimatefreehost.in.json,0.9993584568436181
kjtgjkjkhhffatt.weebly.com.json,0.9997512065342746
nhs-vaccinepass.com.json,0.9990069930994748
pcbacweb.webcindario.com.json,0.9990783190606918
pcbacweblogin.webcindario.com.json,0.9990783190606918
promeric4.webcindario.com.json,0.9990783190606918
promericaisn.ultimatefreehost.in.json,0.999369243930554
proyectostanm.webcindario.com.json,0.9990783190606918
rakuten-support.top.json,0.9831145279082368
redelivery-times.com.json,0.9851798652705405
subwpepaf58f50c02778b37fcb18.web.app.json,0.9977660914750694
trackings-postoffice.com.json,0.998114464771873
